Ticker,Name,Sector_ID,Sector,Industry_Group_ID,Industry_Group,Industry_ID,Industry,Sub_Industry_ID,Sub_Industry
A,Agilent Technologies,35,Health Care,3520,"Pharmaceuticals, Biotechnology & Life Sciences",352030,Life Sciences Tools & Services,35203010,Life Sciences Tools & Services
BIO,Bio-Rad Laboratories,35,Health Care,3520,"Pharmaceuticals, Biotechnology & Life Sciences",352030,Life Sciences Tools & Services,35203010,Life Sciences Tools & Services
CRL,Charles River Laboratories,35,Health Care,3520,"Pharmaceuticals, Biotechnology & Life Sciences",352030,Life Sciences Tools & Services,35203010,Life Sciences Tools & Services
DHR,Danaher Corporation,35,Health Care,3520,"Pharmaceuticals, Biotechnology & Life Sciences",352030,Life Sciences Tools & Services,35203010,Life Sciences Tools & Services
AAL,American Airlines Group,20,Industrials,2030,Transportation,203020,Passenger Airlines,20302010,Passenger Airlines
DAL,Delta Air Lines,20,Industrials,2030,Transportation,203020,Passenger Airlines,20302010,Passenger Airlines
BKR,Baker Hughes,10,Energy,1010,Energy,101010,Energy Equipment & Services,10101020,Oil & Gas Equipment & Services
AAPL,Apple Inc.,45,Information Technology,4520,Technology Hardware & Equipment,452020,"Technology Hardware, Storage & Peripherals",45202030,"Technology Hardware, Storage & Peripherals"
CVX,Chevron Corporation,10,Energy,1010,Energy,101020,"Oil, Gas & Consumable Fuels",10102010,Integrated Oil & Gas
ABBV,AbbVie,35,Health Care,3520,"Pharmaceuticals, Biotechnology & Life Sciences",352010,Biotechnology,35201010,Biotechnology
AMGN,Amgen,35,Health Care,3520,"Pharmaceuticals, Biotechnology & Life Sciences",352010,Biotechnology,35201010,Biotechnology
BIIB,Biogen,35,Health Care,3520,"Pharmaceuticals, Biotechnology & Life Sciences",352010,Biotechnology,35201010,Biotechnology
APA,APA Corporation,10,Energy,1010,Energy,101020,"Oil, Gas & Consumable Fuels",10102020,Oil & Gas Exploration & Production
COP,ConocoPhillips,10,Energy,1010,Energy,101020,"Oil, Gas & Consumable Fuels",10102020,Oil & Gas Exploration & Production
CTRA,Coterra,10,Energy,1010,Energy,101020,"Oil, Gas & Consumable Fuels",10102020,Oil & Gas Exploration & Production
DVN,Devon Energy,10,Energy,1010,Energy,101020,"Oil, Gas & Consumable Fuels",10102020,Oil & Gas Exploration & Production
ABNB,Airbnb,25,Consumer Discretionary,2530,Consumer Services,253010,"Hotels, Restaurants & Leisure",25301020,"Hotels, Resorts & Cruise Lines"
BKNG,Booking Holdings,25,Consumer Discretionary,2530,Consumer Services,253010,"Hotels, Restaurants & Leisure",25301020,"Hotels, Resorts & Cruise Lines"
CCL,Carnival,25,Consumer Discretionary,2530,Consumer Services,253010,"Hotels, Restaurants & Leisure",25301020,"Hotels, Resorts & Cruise Lines"
ABT,Abbott Laboratories,35,Health Care,3510,Health Care Equipment & Services,351010,Health Care Equipment & Supplies,35101010,Health Care Equipment
BAX,Baxter International,35,Health Care,3510,Health Care Equipment & Services,351010,Health Care Equipment & Supplies,35101010,Health Care Equipment
BDX,Becton Dickinson,35,Health Care,3510,Health Care Equipment & Services,351010,Health Care Equipment & Supplies,35101010,Health Care Equipment
BSX,Boston Scientific,35,Health Care,3510,Health Care Equipment & Services,351010,Health Care Equipment & Supplies,35101010,Health Care Equipment
DXCM,Dexcom,35,Health Care,3510,Health Care Equipment & Services,351010,Health Care Equipment & Supplies,35101010,Health Care Equipment
ACGL,Arch Capital Group,40,Financials,4030,Insurance,403010,Insurance,40301040,Property & Casualty Insurance
ALL,Allstate,40,Financials,4030,Insurance,403010,Insurance,40301040,Property & Casualty Insurance
CB,Chubb Limited,40,Financials,4030,Insurance,403010,Insurance,40301040,Property & Casualty Insurance
CINF,Cincinnati Financial,40,Financials,4030,Insurance,403010,Insurance,40301040,Property & Casualty Insurance
ACN,Accenture,45,Information Technology,4510,Software & Services,451020,IT Services,45102010,IT Consulting & Other Services
CTSH,Cognizant,45,Information Technology,4510,Software & Services,451020,IT Services,45102010,IT Consulting & Other Services
DOW,Dow Inc.,15,Materials,1510,Materials,151010,Chemicals,15101010,Commodity Chemicals
ADBE,Adobe Inc.,45,Information Technology,4510,Software & Services,451030,Software,45103010,Application Software
ADSK,Autodesk,45,Information Technology,4510,Software & Services,451030,Software,45103010,Application Software
ANSS,Ansys,45,Information Technology,4510,Software & Services,451030,Software,45103010,Application Software
CDNS,Cadence Design Systems,45,Information Technology,4510,Software & Services,451030,Software,45103010,Application Software
CRM,Salesforce,45,Information Technology,4510,Software & Services,451030,Software,45103010,Application Software
ADI,Analog Devices,45,Information Technology,4530,Semiconductors & Semiconductor Equipment,453010,Semiconductors & Semiconductor Equipment,45301020,Semiconductors
AMD,Advanced Micro Devices,45,Information Technology,4530,Semiconductors & Semiconductor Equipment,453010,Semiconductors & Semiconductor Equipment,45301020,Semiconductors
AVGO,Broadcom,45,Information Technology,4530,Semiconductors & Semiconductor Equipment,453010,Semiconductors & Semiconductor Equipment,45301020,Semiconductors
CF,CF Industries,15,Materials,1510,Materials,151010,Chemicals,15101030,Fertilizers & Agricultural Chemicals
CTVA,Corteva,15,Materials,1510,Materials,151010,Chemicals,15101030,Fertilizers & Agricultural Chemicals
ADM,Archer Daniels Midland,30,Consumer Staples,3020,"Food, Beverage & Tobacco",302020,Food Products,30202010,Agricultural Products & Services
BG,Bunge Global,30,Consumer Staples,3020,"Food, Beverage & Tobacco",302020,Food Products,30202010,Agricultural Products & Services
APD,Air Products,15,Materials,1510,Materials,151010,Chemicals,15101040,Industrial Gases
ADP,Automatic Data Processing,20,Industrials,2020,Commercial & Professional Services,202020,Professional Services,20202010,Human Resource & Employment Services
DAY,Dayforce,20,Industrials,2020,Commercial & Professional Services,202020,Professional Services,20202010,Human Resource & Employment Services
ALB,Albemarle Corporation,15,Materials,1510,Materials,151010,Chemicals,15101050,Specialty Chemicals
CE,Celanese,15,Materials,1510,Materials,151010,Chemicals,15101050,Specialty Chemicals
DD,DuPont,15,Materials,1510,Materials,151010,Chemicals,15101050,Specialty Chemicals
ECL,Ecolab,15,Materials,1510,Materials,151010,Chemicals,15101050,Specialty Chemicals
EMN,Eastman Chemical Company,15,Materials,1510,Materials,151010,Chemicals,15101050,Specialty Chemicals
AEE,Ameren,55,Utilities,5510,Utilities,551030,Multi-Utilities,55103010,Multi-Utilities
CMS,CMS Energy,55,Utilities,5510,Utilities,551030,Multi-Utilities,55103010,Multi-Utilities
CNP,CenterPoint Energy,55,Utilities,5510,Utilities,551030,Multi-Utilities,55103010,Multi-Utilities
D,Dominion Energy,55,Utilities,5510,Utilities,551030,Multi-Utilities,55103010,Multi-Utilities
DTE,DTE Energy,55,Utilities,5510,Utilities,551030,Multi-Utilities,55103010,Multi-Utilities
ED,Consolidated Edison,55,Utilities,5510,Utilities,551030,Multi-Utilities,55103010,Multi-Utilities
BALL,Ball Corporation,15,Materials,1510,Materials,151030,Containers & Packaging,15103010,"Metal, Glass & Plastic Containers"
AEP,American Electric Power,55,Utilities,5510,Utilities,551010,Electric Utilities,55101010,Electric Utilities
CEG,Constellation Energy,55,Utilities,5510,Utilities,551010,Electric Utilities,55101010,Electric Utilities
DUK,Duke Energy,55,Utilities,5510,Utilities,551010,Electric Utilities,55101010,Electric Utilities
EIX,Edison International,55,Utilities,5510,Utilities,551010,Electric Utilities,55101010,Electric Utilities
AMCR,Amcor,15,Materials,1510,Materials,151030,Containers & Packaging,15103020,Paper & Plastic Packaging Products & Materials
AVY,Avery Dennison,15,Materials,1510,Materials,151030,Containers & Packaging,15103020,Paper & Plastic Packaging Products & Materials
AES,AES Corporation,55,Utilities,5510,Utilities,551050,Independent Power and Renewable Electricity Producers,55105010,Independent Power Producers & Energy Traders
AFL,Aflac,40,Financials,4030,Insurance,403010,Insurance,40301020,Life & Health Insurance
AIG,American International Group,40,Financials,4030,Insurance,403010,Insurance,40301030,Multi-line Insurance
AIZ,Assurant,40,Financials,4030,Insurance,403010,Insurance,40301030,Multi-line Insurance
AJG,Arthur J. Gallagher & Co.,40,Financials,4030,Insurance,403010,Insurance,40301010,Insurance Brokers
AON,Aon,40,Financials,4030,Insurance,403010,Insurance,40301010,Insurance Brokers
BRO,Brown & Brown,40,Financials,4030,Insurance,403010,Insurance,40301010,Insurance Brokers
AKAM,Akamai Technologies,45,Information Technology,4510,Software & Services,451020,IT Services,45102030,Internet Services & Infrastructure
ALGN,Align Technology,35,Health Care,3510,Health Care Equipment & Services,351010,Health Care Equipment & Supplies,35101020,Health Care Supplies
COO,Cooper Companies (The),35,Health Care,3510,Health Care Equipment & Services,351010,Health Care Equipment & Supplies,35101020,Health Care Supplies
ALLE,Allegion,20,Industrials,2010,Capital Goods,201020,Building Products,20102010,Building Products
AOS,A. O. Smith,20,Industrials,2010,Capital Goods,201020,Building Products,20102010,Building Products
BLDR,Builders FirstSource,20,Industrials,2010,Capital Goods,201020,Building Products,20102010,Building Products
CARR,Carrier Global,20,Industrials,2010,Capital Goods,201020,Building Products,20102010,Building Products
AXON,Axon Enterprise,20,Industrials,2010,Capital Goods,201010,Aerospace & Defense,20101010,Aerospace & Defense
BA,Boeing,20,Industrials,2010,Capital Goods,201010,Aerospace & Defense,20101010,Aerospace & Defense
AMAT,Applied Materials,45,Information Technology,4530,Semiconductors & Semiconductor Equipment,453010,Semiconductors & Semiconductor Equipment,45301010,Semiconductor Materials & Equipment
ENPH,Enphase,45,Information Technology,4530,Semiconductors & Semiconductor Equipment,453010,Semiconductors & Semiconductor Equipment,45301010,Semiconductor Materials & Equipment
AME,Ametek,20,Industrials,2010,Capital Goods,201040,Electrical Equipment,20104010,Electrical Components & Equipment
EMR,Emerson Electric,20,Industrials,2010,Capital Goods,201040,Electrical Equipment,20104010,Electrical Components & Equipment
AMP,Ameriprise Financial,40,Financials,4020,Financial Services,402030,Capital Markets,40203010,Asset Management & Custody Banks
BEN,Franklin Templeton,40,Financials,4020,Financial Services,402030,Capital Markets,40203010,Asset Management & Custody Banks
BK,BNY Mellon,40,Financials,4020,Financial Services,402030,Capital Markets,40203010,Asset Management & Custody Banks
BLK,BlackRock,40,Financials,4020,Financial Services,402030,Capital Markets,40203010,Asset Management & Custody Banks
BX,Blackstone Inc.,40,Financials,4020,Financial Services,402030,Capital Markets,40203010,Asset Management & Custody Banks
CAT,Caterpillar Inc.,20,Industrials,2010,Capital Goods,201060,Machinery,20106010,Construction Machinery & Heavy Transportation Equipment
CMI,Cummins,20,Industrials,2010,Capital Goods,201060,Machinery,20106010,Construction Machinery & Heavy Transportation Equipment
AMT,American Tower,60,Real Estate,6010,Equity Real Estate Investment Trusts (REITs),601080,Specialized REITs,60108030,Telecom Tower REITs
CCI,Crown Castle,60,Real Estate,6010,Equity Real Estate Investment Trusts (REITs),601080,Specialized REITs,60108030,Telecom Tower REITs
DE,Deere & Company,20,Industrials,2010,Capital Goods,201060,Machinery,20106015,Agricultural & Farm Machinery
AMZN,Amazon,25,Consumer Discretionary,2550,Consumer Discretionary Distribution & Retail,255030,Broadline Retail,25503030,Broadline Retail
EBAY,eBay,25,Consumer Discretionary,2550,Consumer Discretionary Distribution & Retail,255030,Broadline Retail,25503030,Broadline Retail
DOV,Dover Corporation,20,Industrials,2010,Capital Goods,201060,Machinery,20106020,Industrial Machinery & Supplies & Components
ANET,Arista Networks,45,Information Technology,4520,Technology Hardware & Equipment,452010,Communications Equipment,45201020,Communications Equipment
CSCO,Cisco,45,Information Technology,4520,Technology Hardware & Equipment,452010,Communications Equipment,45201020,Communications Equipment
CPRT,Copart,20,Industrials,2020,Commercial & Professional Services,202010,Commercial Services & Supplies,20201070,Diversified Support Services
CTAS,Cintas,20,Industrials,2020,Commercial & Professional Services,202010,Commercial Services & Supplies,20201070,Diversified Support Services
APH,Amphenol,45,Information Technology,4520,Technology Hardware & Equipment,452030,"Electronic Equipment, Instruments & Components",45203015,Electronic Components
APTV,Aptiv,25,Consumer Discretionary,2510,Automobiles & Components,251010,Automobile Components,25101010,Automotive Parts & Equipment
BWA,BorgWarner,25,Consumer Discretionary,2510,Automobiles & Components,251010,Automobile Components,25101010,Automotive Parts & Equipment
EFX,Equifax,20,Industrials,2020,Commercial & Professional Services,202020,Professional Services,20202020,Research & Consulting Services
ARE,Alexandria Real Estate Equities,60,Real Estate,6010,Equity Real Estate Investment Trusts (REITs),601040,Office REITs,60104010,Office REITs
BXP,"BXP, Inc.",60,Real Estate,6010,Equity Real Estate Investment Trusts (REITs),601040,Office REITs,60104010,Office REITs
BR,Broadridge Financial Solutions,20,Industrials,2020,Commercial & Professional Services,202020,Professional Services,20202030,Data Processing & Outsourced Services
ATO,Atmos Energy,55,Utilities,5510,Utilities,551020,Gas Utilities,55102010,Gas Utilities
CHRW,C.H. Robinson,20,Industrials,2030,Transportation,203010,Air Freight & Logistics,20301010,Air Freight & Logistics
AVB,AvalonBay Communities,60,Real Estate,6010,Equity Real Estate Investment Trusts (REITs),601060,Residential REITs,60106010,Multi-Family Residential REITs
CPT,Camden Property Trust,60,Real Estate,6010,Equity Real Estate Investment Trusts (REITs),601060,Residential REITs,60106010,Multi-Family Residential REITs
CSX,CSX Corporation,20,Industrials,2030,Transportation,203040,Ground Transportation,20304010,Rail Transportation
AWK,American Water Works,55,Utilities,5510,Utilities,551040,Water Utilities,55104010,Water Utilities
AXP,American Express,40,Financials,4020,Financial Services,402020,Consumer Finance,40202010,Consumer Finance
COF,Capital One,40,Financials,4020,Financial Services,402020,Consumer Finance,40202010,Consumer Finance
DFS,Discover Financial,40,Financials,4020,Financial Services,402020,Consumer Finance,40202010,Consumer Finance
AZO,AutoZone,25,Consumer Discretionary,2550,Consumer Discretionary Distribution & Retail,255040,Specialty Retail,25504050,Automotive Retail
BAC,Bank of America,40,Financials,4010,Banks,401010,Banks,40101010,Diversified Banks
C,Citigroup,40,Financials,4010,Banks,401010,Banks,40101010,Diversified Banks
BBWI,"Bath & Body Works, Inc.",25,Consumer Discretionary,2550,Consumer Discretionary Distribution & Retail,255040,Specialty Retail,25504040,Other Specialty Retail
BBY,Best Buy,25,Consumer Discretionary,2550,Consumer Discretionary Distribution & Retail,255040,Specialty Retail,25504020,Computer & Electronics Retail
DHI,DR Horton,25,Consumer Discretionary,2520,Consumer Durables & Apparel,252010,Household Durables,25201030,Homebuilding
BF.B,Brown–Forman,30,Consumer Staples,3020,"Food, Beverage & Tobacco",302010,Beverages,30201020,Distillers & Vintners
DECK,Deckers Brands,25,Consumer Discretionary,2520,Consumer Durables & Apparel,252030,"Textiles, Apparel & Luxury Goods",25203020,Footwear
CZR,Caesars Entertainment,25,Consumer Discretionary,2530,Consumer Services,253010,"Hotels, Restaurants & Leisure",25301010,Casinos & Gaming
BMY,Bristol Myers Squibb,35,Health Care,3520,"Pharmaceuticals, Biotechnology & Life Sciences",352020,Pharmaceuticals,35202010,Pharmaceuticals
CTLT,Catalent,35,Health Care,3520,"Pharmaceuticals, Biotechnology & Life Sciences",352020,Pharmaceuticals,35202010,Pharmaceuticals
CMG,Chipotle Mexican Grill,25,Consumer Discretionary,2530,Consumer Services,253010,"Hotels, Restaurants & Leisure",25301040,Restaurants
DPZ,Domino's,25,Consumer Discretionary,2530,Consumer Services,253010,"Hotels, Restaurants & Leisure",25301040,Restaurants
DRI,Darden Restaurants,25,Consumer Discretionary,2530,Consumer Services,253010,"Hotels, Restaurants & Leisure",25301040,Restaurants
BRK.B,Berkshire Hathaway,40,Financials,4020,Financial Services,402010,Financial Services,40201030,Multi-Sector Holdings
CAG,Conagra Brands,30,Consumer Staples,3020,"Food, Beverage & Tobacco",302020,Food Products,30202030,Packaged Foods & Meats
CPB,Campbell Soup Company,30,Consumer Staples,3020,"Food, Beverage & Tobacco",302020,Food Products,30202030,Packaged Foods & Meats
CAH,Cardinal Health,35,Health Care,3510,Health Care Equipment & Services,351020,Health Care Providers & Services,35102010,Health Care Distributors
COR,Cencora,35,Health Care,3510,Health Care Equipment & Services,351020,Health Care Providers & Services,35102010,Health Care Distributors
CBOE,Cboe Global Markets,40,Financials,4020,Financial Services,402030,Capital Markets,40203040,Financial Exchanges & Data
CME,CME Group,40,Financials,4020,Financial Services,402030,Capital Markets,40203040,Financial Exchanges & Data
COST,Costco,30,Consumer Staples,3010,Consumer Staples Distribution & Retail,301010,Consumer Staples Distribution & Retail,30101040,Consumer Staples Merchandise Retail
DG,Dollar General,30,Consumer Staples,3010,Consumer Staples Distribution & Retail,301010,Consumer Staples Distribution & Retail,30101040,Consumer Staples Merchandise Retail
DLTR,Dollar Tree,30,Consumer Staples,3010,Consumer Staples Distribution & Retail,301010,Consumer Staples Distribution & Retail,30101040,Consumer Staples Merchandise Retail
CBRE,CBRE Group,60,Real Estate,6020,Real Estate Management & Development,602010,Real Estate Management & Development,60201040,Real Estate Services
CSGP,CoStar Group,60,Real Estate,6020,Real Estate Management & Development,602010,Real Estate Management & Development,60201040,Real Estate Services
CDW,CDW,45,Information Technology,4520,Technology Hardware & Equipment,452030,"Electronic Equipment, Instruments & Components",45203030,Technology Distributors
CHD,Church & Dwight,30,Consumer Staples,3030,Household & Personal Products,303010,Household Products,30301010,Household Products
CL,Colgate-Palmolive,30,Consumer Staples,3030,Household & Personal Products,303010,Household Products,30301010,Household Products
CLX,Clorox,30,Consumer Staples,3030,Household & Personal Products,303010,Household Products,30301010,Household Products
EL,Estée Lauder Companies (The),30,Consumer Staples,3030,Household & Personal Products,303020,Personal Care Products,30302010,Personal Care Products
CFG,Citizens Financial Group,40,Financials,4010,Banks,401010,Banks,40101015,Regional Banks
CHTR,Charter Communications,50,Communication Services,5020,Media & Entertainment,502010,Media,50201030,Cable & Satellite
CMCSA,Comcast,50,Communication Services,5020,Media & Entertainment,502010,Media,50201030,Cable & Satellite
CI,Cigna,35,Health Care,3510,Health Care Equipment & Services,351020,Health Care Providers & Services,35102015,Health Care Services
CVS,CVS Health,35,Health Care,3510,Health Care Equipment & Services,351020,Health Care Providers & Services,35102015,Health Care Services
DGX,Quest Diagnostics,35,Health Care,3510,Health Care Equipment & Services,351020,Health Care Providers & Services,35102015,Health Care Services
DVA,DaVita,35,Health Care,3510,Health Care Equipment & Services,351020,Health Care Providers & Services,35102015,Health Care Services
CNC,Centene Corporation,35,Health Care,3510,Health Care Equipment & Services,351020,Health Care Providers & Services,35102030,Managed Health Care
ELV,Elevance Health,35,Health Care,3510,Health Care Equipment & Services,351020,Health Care Providers & Services,35102030,Managed Health Care
CPAY,Corpay,40,Financials,4020,Financial Services,402010,Financial Services,40201060,Transaction & Payment Processing Services
CRWD,CrowdStrike,45,Information Technology,4510,Software & Services,451030,Software,45103020,Systems Software
EG,Everest Group,40,Financials,4030,Insurance,403010,Insurance,40301050,Reinsurance
DIS,Walt Disney Company (The),50,Communication Services,5020,Media & Entertainment,502020,Entertainment,50202010,Movies & Entertainment
EA,Electronic Arts,50,Communication Services,5020,Media & Entertainment,502020,Entertainment,50202020,Interactive Home Entertainment
DLR,Digital Realty,60,Real Estate,6010,Equity Real Estate Investment Trusts (REITs),601080,Specialized REITs,60108050,Data Center REITs
DOC,Healthpeak Properties,60,Real Estate,6010,Equity Real Estate Investment Trusts (REITs),601050,Health Care REITs,60105010,Health Care REITs
EOG,EOG Resources,10,Energy,1010,Energy,101020,"Oil, Gas & Consumable Fuels",10102020,Oil & Gas Exploration & Production
EPAM,EPAM Systems,45,Information Technology,4510,Software & Services,451020,IT Services,45102010,IT Consulting & Other Services
EQIX,Equinix,60,Real Estate,6010,Equity Real Estate Investment Trusts (REITs),601080,Specialized REITs,60108050,Data Center REITs
EQR,Equity Residential,60,Real Estate,6010,Equity Real Estate Investment Trusts (REITs),601060,Residential REITs,60106010,Multi-Family Residential REITs
EQT,EQT Corporation,10,Energy,1010,Energy,101020,"Oil, Gas & Consumable Fuels",10102020,Oil & Gas Exploration & Production
ES,Eversource,55,Utilities,5510,Utilities,551010,Electric Utilities,55101010,Electric Utilities
ESS,Essex Property Trust,60,Real Estate,6010,Equity Real Estate Investment Trusts (REITs),601060,Residential REITs,60106010,Multi-Family Residential REITs
ETN,Eaton Corporation,20,Industrials,2010,Capital Goods,201040,Electrical Equipment,20104010,Electrical Components & Equipment
ETR,Entergy,55,Utilities,5510,Utilities,551010,Electric Utilities,55101010,Electric Utilities
ETSY,Etsy,25,Consumer Discretionary,2550,Consumer Discretionary Distribution & Retail,255030,Broadline Retail,25503030,Broadline Retail
EVRG,Evergy,55,Utilities,5510,Utilities,551010,Electric Utilities,55101010,Electric Utilities
EW,Edwards Lifesciences,35,Health Care,3510,Health Care Equipment & Services,351010,Health Care Equipment & Supplies,35101010,Health Care Equipment
EXC,Exelon,55,Utilities,5510,Utilities,551010,Electric Utilities,55101010,Electric Utilities
EXPD,Expeditors International,20,Industrials,2030,Transportation,203010,Air Freight & Logistics,20301010,Air Freight & Logistics
EXPE,Expedia Group,25,Consumer Discretionary,2530,Consumer Services,253010,"Hotels, Restaurants & Leisure",25301020,"Hotels, Resorts & Cruise Lines"
EXR,Extra Space Storage,60,Real Estate,6010,Equity Real Estate Investment Trusts (REITs),601080,Specialized REITs,60108020,Self-Storage REITs
F,Ford Motor Company,25,Consumer Discretionary,2510,Automobiles & Components,251020,Automobiles,25102010,Automobile Manufacturers
FANG,Diamondback Energy,10,Energy,1010,Energy,101020,"Oil, Gas & Consumable Fuels",10102020,Oil & Gas Exploration & Production
FAST,Fastenal,20,Industrials,2010,Capital Goods,201070,Trading Companies & Distributors,20107010,Trading Companies & Distributors
FCX,Freeport-McMoRan,15,Materials,1510,Materials,151040,Metals & Mining,15104025,Copper
FDS,FactSet,40,Financials,4020,Financial Services,402030,Capital Markets,40203040,Financial Exchanges & Data
FDX,FedEx,20,Industrials,2030,Transportation,203010,Air Freight & Logistics,20301010,Air Freight & Logistics
FE,FirstEnergy,55,Utilities,5510,Utilities,551010,Electric Utilities,55101010,Electric Utilities
FFIV,"F5, Inc.",45,Information Technology,4520,Technology Hardware & Equipment,452010,Communications Equipment,45201020,Communications Equipment
FI,Fiserv,40,Financials,4020,Financial Services,402010,Financial Services,40201060,Transaction & Payment Processing Services
FICO,Fair Isaac,45,Information Technology,4510,Software & Services,451030,Software,45103010,Application Software
FIS,Fidelity National Information Services,40,Financials,4020,Financial Services,402010,Financial Services,40201060,Transaction & Payment Processing Services
FITB,Fifth Third Bank,40,Financials,4010,Banks,401010,Banks,40101010,Diversified Banks
FMC,FMC Corporation,15,Materials,1510,Materials,151010,Chemicals,15101030,Fertilizers & Agricultural Chemicals
FOX,Fox Corporation (Class B),50,Communication Services,5020,Media & Entertainment,502010,Media,50201020,Broadcasting
FOXA,Fox Corporation (Class A),50,Communication Services,5020,Media & Entertainment,502010,Media,50201020,Broadcasting
FRT,Federal Realty,60,Real Estate,6010,Equity Real Estate Investment Trusts (REITs),601070,Retail REITs,60107010,Retail REITs
FSLR,First Solar,45,Information Technology,4530,Semiconductors & Semiconductor Equipment,453010,Semiconductors & Semiconductor Equipment,45301020,Semiconductors
FTNT,Fortinet,45,Information Technology,4510,Software & Services,451030,Software,45103020,Systems Software
FTV,Fortive,20,Industrials,2010,Capital Goods,201060,Machinery,20106020,Industrial Machinery & Supplies & Components
GD,General Dynamics,20,Industrials,2010,Capital Goods,201010,Aerospace & Defense,20101010,Aerospace & Defense
GDDY,GoDaddy,45,Information Technology,4510,Software & Services,451020,IT Services,45102030,Internet Services & Infrastructure
GE,GE Aerospace,20,Industrials,2010,Capital Goods,201010,Aerospace & Defense,20101010,Aerospace & Defense
GEHC,GE HealthCare,35,Health Care,3510,Health Care Equipment & Services,351010,Health Care Equipment & Supplies,35101010,Health Care Equipment
GEN,Gen Digital,45,Information Technology,4510,Software & Services,451030,Software,45103020,Systems Software
GEV,GE Vernova,20,Industrials,2010,Capital Goods,201040,Electrical Equipment,20104020,Heavy Electrical Equipment
GILD,Gilead Sciences,35,Health Care,3520,"Pharmaceuticals, Biotechnology & Life Sciences",352010,Biotechnology,35201010,Biotechnology
GIS,General Mills,30,Consumer Staples,3020,"Food, Beverage & Tobacco",302020,Food Products,30202030,Packaged Foods & Meats
GL,Globe Life,40,Financials,4030,Insurance,403010,Insurance,40301020,Life & Health Insurance
GLW,Corning Inc.,45,Information Technology,4520,Technology Hardware & Equipment,452030,"Electronic Equipment, Instruments & Components",45203015,Electronic Components
GM,General Motors,25,Consumer Discretionary,2510,Automobiles & Components,251020,Automobiles,25102010,Automobile Manufacturers
GNRC,Generac,20,Industrials,2010,Capital Goods,201040,Electrical Equipment,20104010,Electrical Components & Equipment
GOOG,Alphabet Inc. (Class C),50,Communication Services,5020,Media & Entertainment,502030,Interactive Media & Services,50203010,Interactive Media & Services
GOOGL,Alphabet Inc. (Class A),50,Communication Services,5020,Media & Entertainment,502030,Interactive Media & Services,50203010,Interactive Media & Services
GPC,Genuine Parts Company,25,Consumer Discretionary,2550,Consumer Discretionary Distribution & Retail,255010,Distributors,25501010,Distributors
GPN,Global Payments,40,Financials,4020,Financial Services,402010,Financial Services,40201060,Transaction & Payment Processing Services
GRMN,Garmin,25,Consumer Discretionary,2520,Consumer Durables & Apparel,252010,Household Durables,25201010,Consumer Electronics
GS,Goldman Sachs,40,Financials,4020,Financial Services,402030,Capital Markets,40203020,Investment Banking & Brokerage
GWW,W. W. Grainger,20,Industrials,2010,Capital Goods,201060,Machinery,20106020,Industrial Machinery & Supplies & Components
HAL,Halliburton,10,Energy,1010,Energy,101010,Energy Equipment & Services,10101020,Oil & Gas Equipment & Services
HAS,Hasbro,25,Consumer Discretionary,2520,Consumer Durables & Apparel,252020,Leisure Products,25202010,Leisure Products
HBAN,Huntington Bancshares,40,Financials,4010,Banks,401010,Banks,40101015,Regional Banks
HCA,HCA Healthcare,35,Health Care,3510,Health Care Equipment & Services,351020,Health Care Providers & Services,35102020,Health Care Facilities
HD,Home Depot (The),25,Consumer Discretionary,2550,Consumer Discretionary Distribution & Retail,255040,Specialty Retail,25504030,Home Improvement Retail
HES,Hess Corporation,10,Energy,1010,Energy,101020,"Oil, Gas & Consumable Fuels",10102010,Integrated Oil & Gas
HIG,Hartford (The),40,Financials,4030,Insurance,403010,Insurance,40301040,Property & Casualty Insurance
HII,Huntington Ingalls Industries,20,Industrials,2010,Capital Goods,201010,Aerospace & Defense,20101010,Aerospace & Defense
HLT,Hilton Worldwide,25,Consumer Discretionary,2530,Consumer Services,253010,"Hotels, Restaurants & Leisure",25301020,"Hotels, Resorts & Cruise Lines"
HOLX,Hologic,35,Health Care,3510,Health Care Equipment & Services,351010,Health Care Equipment & Supplies,35101010,Health Care Equipment
HON,Honeywell,20,Industrials,2010,Capital Goods,201050,Industrial Conglomerates,20105010,Industrial Conglomerates
HPE,Hewlett Packard Enterprise,45,Information Technology,4520,Technology Hardware & Equipment,452020,"Technology Hardware, Storage & Peripherals",45202030,"Technology Hardware, Storage & Peripherals"
HPQ,HP Inc.,45,Information Technology,4520,Technology Hardware & Equipment,452020,"Technology Hardware, Storage & Peripherals",45202030,"Technology Hardware, Storage & Peripherals"
HRL,Hormel Foods,30,Consumer Staples,3020,"Food, Beverage & Tobacco",302020,Food Products,30202030,Packaged Foods & Meats
HSIC,Henry Schein,35,Health Care,3510,Health Care Equipment & Services,351020,Health Care Providers & Services,35102010,Health Care Distributors
HST,Host Hotels & Resorts,60,Real Estate,6010,Equity Real Estate Investment Trusts (REITs),601030,Hotel & Resort REITs,60103010,Hotel & Resort REITs
HSY,Hershey Company (The),30,Consumer Staples,3020,"Food, Beverage & Tobacco",302020,Food Products,30202030,Packaged Foods & Meats
HUBB,Hubbell Incorporated,20,Industrials,2010,Capital Goods,201060,Machinery,20106020,Industrial Machinery & Supplies & Components
HUM,Humana,35,Health Care,3510,Health Care Equipment & Services,351020,Health Care Providers & Services,35102030,Managed Health Care
HWM,Howmet Aerospace,20,Industrials,2010,Capital Goods,201010,Aerospace & Defense,20101010,Aerospace & Defense
IBM,IBM,45,Information Technology,4510,Software & Services,451020,IT Services,45102010,IT Consulting & Other Services
ICE,Intercontinental Exchange,40,Financials,4020,Financial Services,402030,Capital Markets,40203040,Financial Exchanges & Data
IDXX,Idexx Laboratories,35,Health Care,3510,Health Care Equipment & Services,351010,Health Care Equipment & Supplies,35101010,Health Care Equipment
IEX,IDEX Corporation,20,Industrials,2010,Capital Goods,201060,Machinery,20106020,Industrial Machinery & Supplies & Components
IFF,International Flavors & Fragrances,15,Materials,1510,Materials,151010,Chemicals,15101050,Specialty Chemicals
INCY,Incyte,35,Health Care,3520,"Pharmaceuticals, Biotechnology & Life Sciences",352010,Biotechnology,35201010,Biotechnology
INTC,Intel,45,Information Technology,4530,Semiconductors & Semiconductor Equipment,453010,Semiconductors & Semiconductor Equipment,45301020,Semiconductors
INTU,Intuit,45,Information Technology,4510,Software & Services,451030,Software,45103010,Application Software
INVH,Invitation Homes,60,Real Estate,6010,Equity Real Estate Investment Trusts (REITs),601060,Residential REITs,60106020,Single-Family Residential REITs
IP,International Paper,15,Materials,1510,Materials,151030,Containers & Packaging,15103020,Paper & Plastic Packaging Products & Materials
IPG,Interpublic Group of Companies (The),50,Communication Services,5020,Media & Entertainment,502010,Media,50201010,Advertising
IQV,IQVIA,35,Health Care,3520,"Pharmaceuticals, Biotechnology & Life Sciences",352030,Life Sciences Tools & Services,35203010,Life Sciences Tools & Services
IR,Ingersoll Rand,20,Industrials,2010,Capital Goods,201060,Machinery,20106020,Industrial Machinery & Supplies & Components
IRM,Iron Mountain,60,Real Estate,6010,Equity Real Estate Investment Trusts (REITs),601080,Specialized REITs,60108010,Other Specialized REITs
ISRG,Intuitive Surgical,35,Health Care,3510,Health Care Equipment & Services,351010,Health Care Equipment & Supplies,35101010,Health Care Equipment
IT,Gartner,45,Information Technology,4510,Software & Services,451020,IT Services,45102010,IT Consulting & Other Services
ITW,Illinois Tool Works,20,Industrials,2010,Capital Goods,201060,Machinery,20106020,Industrial Machinery & Supplies & Components
IVZ,Invesco,40,Financials,4020,Financial Services,402030,Capital Markets,40203010,Asset Management & Custody Banks
J,Jacobs Solutions,20,Industrials,2010,Capital Goods,201030,Construction & Engineering,20103010,Construction & Engineering
JBHT,J.B. Hunt,20,Industrials,2010,Capital Goods,201030,Construction & Engineering,20103010,Construction & Engineering
JBL,Jabil,20,Industrials,2010,Capital Goods,201030,Construction & Engineering,20103010,Construction & Engineering
JCI,Johnson Controls,20,Industrials,2010,Capital Goods,201030,Construction & Engineering,20103010,Construction & Engineering
JKHY,Jack Henry & Associates,20,Industrials,2010,Capital Goods,201030,Construction & Engineering,20103010,Construction & Engineering
JNJ,Johnson & Johnson,20,Industrials,2010,Capital Goods,201030,Construction & Engineering,20103010,Construction & Engineering
JNPR,Juniper Networks,20,Industrials,2010,Capital Goods,201030,Construction & Engineering,20103010,Construction & Engineering
JPM,JPMorgan Chase,20,Industrials,2010,Capital Goods,201030,Construction & Engineering,20103010,Construction & Engineering
K,Kellanova,20,Industrials,2010,Capital Goods,201030,Construction & Engineering,20103010,Construction & Engineering
KDP,Keurig Dr Pepper,20,Industrials,2010,Capital Goods,201030,Construction & Engineering,20103010,Construction & Engineering
KEY,KeyCorp,20,Industrials,2010,Capital Goods,201030,Construction & Engineering,20103010,Construction & Engineering
KEYS,Keysight,20,Industrials,2010,Capital Goods,201030,Construction & Engineering,20103010,Construction & Engineering
KHC,Kraft Heinz,20,Industrials,2010,Capital Goods,201030,Construction & Engineering,20103010,Construction & Engineering
KIM,Kimco Realty,20,Industrials,2010,Capital Goods,201030,Construction & Engineering,20103010,Construction & Engineering
KKR,KKR,20,Industrials,2010,Capital Goods,201030,Construction & Engineering,20103010,Construction & Engineering
KLAC,KLA Corporation,20,Industrials,2010,Capital Goods,201030,Construction & Engineering,20103010,Construction & Engineering
KMB,Kimberly-Clark,20,Industrials,2010,Capital Goods,201030,Construction & Engineering,20103010,Construction & Engineering
KMI,Kinder Morgan,20,Industrials,2010,Capital Goods,201030,Construction & Engineering,20103010,Construction & Engineering
KMX,CarMax,20,Industrials,2010,Capital Goods,201030,Construction & Engineering,20103010,Construction & Engineering
KO,Coca-Cola Company (The),20,Industrials,2010,Capital Goods,201030,Construction & Engineering,20103010,Construction & Engineering
KR,Kroger,20,Industrials,2010,Capital Goods,201030,Construction & Engineering,20103010,Construction & Engineering
KVUE,Kenvue,20,Industrials,2010,Capital Goods,201030,Construction & Engineering,20103010,Construction & Engineering
L,Loews Corporation,20,Industrials,2010,Capital Goods,201030,Construction & Engineering,20103010,Construction & Engineering
LDOS,Leidos,20,Industrials,2010,Capital Goods,201030,Construction & Engineering,20103010,Construction & Engineering
LEN,Lennar,20,Industrials,2010,Capital Goods,201030,Construction & Engineering,20103010,Construction & Engineering
LH,LabCorp,20,Industrials,2010,Capital Goods,201030,Construction & Engineering,20103010,Construction & Engineering
LHX,L3Harris,20,Industrials,2010,Capital Goods,201030,Construction & Engineering,20103010,Construction & Engineering
LIN,Linde plc,20,Industrials,2010,Capital Goods,201030,Construction & Engineering,20103010,Construction & Engineering
LKQ,LKQ Corporation,20,Industrials,2010,Capital Goods,201030,Construction & Engineering,20103010,Construction & Engineering
LLY,Lilly (Eli),20,Industrials,2010,Capital Goods,201030,Construction & Engineering,20103010,Construction & Engineering
LMT,Lockheed Martin,20,Industrials,2010,Capital Goods,201030,Construction & Engineering,20103010,Construction & Engineering
LNT,Alliant Energy,20,Industrials,2010,Capital Goods,201030,Construction & Engineering,20103010,Construction & Engineering
LOW,Lowe's,20,Industrials,2010,Capital Goods,201030,Construction & Engineering,20103010,Construction & Engineering
LRCX,Lam Research,20,Industrials,2010,Capital Goods,201030,Construction & Engineering,20103010,Construction & Engineering
LULU,Lululemon Athletica,20,Industrials,2010,Capital Goods,201030,Construction & Engineering,20103010,Construction & Engineering
LUV,Southwest Airlines,20,Industrials,2010,Capital Goods,201030,Construction & Engineering,20103010,Construction & Engineering
LVS,Las Vegas Sands,20,Industrials,2010,Capital Goods,201030,Construction & Engineering,20103010,Construction & Engineering
LW,Lamb Weston,20,Industrials,2010,Capital Goods,201030,Construction & Engineering,20103010,Construction & Engineering
LYB,LyondellBasell,20,Industrials,2010,Capital Goods,201030,Construction & Engineering,20103010,Construction & Engineering
LYV,Live Nation Entertainment,20,Industrials,2010,Capital Goods,201030,Construction & Engineering,20103010,Construction & Engineering
MA,Mastercard,20,Industrials,2010,Capital Goods,201030,Construction & Engineering,20103010,Construction & Engineering
MAA,Mid-America Apartment Communities,20,Industrials,2010,Capital Goods,201030,Construction & Engineering,20103010,Construction & Engineering
MAR,Marriott International,20,Industrials,2010,Capital Goods,201030,Construction & Engineering,20103010,Construction & Engineering
MAS,Masco,20,Industrials,2010,Capital Goods,201030,Construction & Engineering,20103010,Construction & Engineering
MCD,McDonald's,20,Industrials,2010,Capital Goods,201030,Construction & Engineering,20103010,Construction & Engineering
MCHP,Microchip Technology,20,Industrials,2010,Capital Goods,201030,Construction & Engineering,20103010,Construction & Engineering
MCK,McKesson Corporation,20,Industrials,2010,Capital Goods,201030,Construction & Engineering,20103010,Construction & Engineering
MCO,Moody's Corporation,20,Industrials,2010,Capital Goods,201030,Construction & Engineering,20103010,Construction & Engineering
MDLZ,Mondelez International,20,Industrials,2010,Capital Goods,201030,Construction & Engineering,20103010,Construction & Engineering
MDT,Medtronic,20,Industrials,2010,Capital Goods,201030,Construction & Engineering,20103010,Construction & Engineering
MET,MetLife,20,Industrials,2010,Capital Goods,201030,Construction & Engineering,20103010,Construction & Engineering
META,Meta Platforms,20,Industrials,2010,Capital Goods,201030,Construction & Engineering,20103010,Construction & Engineering
MGM,MGM Resorts,20,Industrials,2010,Capital Goods,201030,Construction & Engineering,20103010,Construction & Engineering
MHK,Mohawk Industries,20,Industrials,2010,Capital Goods,201030,Construction & Engineering,20103010,Construction & Engineering
MKC,McCormick & Company,20,Industrials,2010,Capital Goods,201030,Construction & Engineering,20103010,Construction & Engineering
MKTX,MarketAxess,20,Industrials,2010,Capital Goods,201030,Construction & Engineering,20103010,Construction & Engineering
MLM,Martin Marietta Materials,20,Industrials,2010,Capital Goods,201030,Construction & Engineering,20103010,Construction & Engineering
MMC,Marsh McLennan,20,Industrials,2010,Capital Goods,201030,Construction & Engineering,20103010,Construction & Engineering
MMM,3M,20,Industrials,2010,Capital Goods,201030,Construction & Engineering,20103010,Construction & Engineering
MNST,Monster Beverage,20,Industrials,2010,Capital Goods,201030,Construction & Engineering,20103010,Construction & Engineering
MO,Altria,20,Industrials,2010,Capital Goods,201030,Construction & Engineering,20103010,Construction & Engineering
MOH,Molina Healthcare,20,Industrials,2010,Capital Goods,201030,Construction & Engineering,20103010,Construction & Engineering
MOS,Mosaic Company (The),20,Industrials,2010,Capital Goods,201030,Construction & Engineering,20103010,Construction & Engineering
MPC,Marathon Petroleum,20,Industrials,2010,Capital Goods,201030,Construction & Engineering,20103010,Construction & Engineering
MPWR,Monolithic Power Systems,20,Industrials,2010,Capital Goods,201030,Construction & Engineering,20103010,Construction & Engineering
MRK,Merck & Co.,20,Industrials,2010,Capital Goods,201030,Construction & Engineering,20103010,Construction & Engineering
MRNA,Moderna,20,Industrials,2010,Capital Goods,201030,Construction & Engineering,20103010,Construction & Engineering
MRO,Marathon Oil,20,Industrials,2010,Capital Goods,201030,Construction & Engineering,20103010,Construction & Engineering
MS,Morgan Stanley,20,Industrials,2010,Capital Goods,201030,Construction & Engineering,20103010,Construction & Engineering
MSCI,MSCI,20,Industrials,2010,Capital Goods,201030,Construction & Engineering,20103010,Construction & Engineering
MSFT,Microsoft,20,Industrials,2010,Capital Goods,201030,Construction & Engineering,20103010,Construction & Engineering
MSI,Motorola Solutions,20,Industrials,2010,Capital Goods,201030,Construction & Engineering,20103010,Construction & Engineering
MTB,M&T Bank,20,Industrials,2010,Capital Goods,201030,Construction & Engineering,20103010,Construction & Engineering
MTCH,Match Group,20,Industrials,2010,Capital Goods,201030,Construction & Engineering,20103010,Construction & Engineering
MTD,Mettler Toledo,20,Industrials,2010,Capital Goods,201030,Construction & Engineering,20103010,Construction & Engineering
MU,Micron Technology,20,Industrials,2010,Capital Goods,201030,Construction & Engineering,20103010,Construction & Engineering
NCLH,Norwegian Cruise Line Holdings,20,Industrials,2010,Capital Goods,201030,Construction & Engineering,20103010,Construction & Engineering
NDAQ,"Nasdaq, Inc.",20,Industrials,2010,Capital Goods,201030,Construction & Engineering,20103010,Construction & Engineering
NDSN,Nordson Corporation,20,Industrials,2010,Capital Goods,201030,Construction & Engineering,20103010,Construction & Engineering
NEE,NextEra Energy,20,Industrials,2010,Capital Goods,201030,Construction & Engineering,20103010,Construction & Engineering
NEM,Newmont,20,Industrials,2010,Capital Goods,201030,Construction & Engineering,20103010,Construction & Engineering
NFLX,Netflix,20,Industrials,2010,Capital Goods,201030,Construction & Engineering,20103010,Construction & Engineering
NI,NiSource,20,Industrials,2010,Capital Goods,201030,Construction & Engineering,20103010,Construction & Engineering
NKE,"Nike, Inc.",20,Industrials,2010,Capital Goods,201030,Construction & Engineering,20103010,Construction & Engineering
NOC,Northrop Grumman,20,Industrials,2010,Capital Goods,201030,Construction & Engineering,20103010,Construction & Engineering
NOW,ServiceNow,20,Industrials,2010,Capital Goods,201030,Construction & Engineering,20103010,Construction & Engineering
NRG,NRG Energy,20,Industrials,2010,Capital Goods,201030,Construction & Engineering,20103010,Construction & Engineering
NSC,Norfolk Southern Railway,20,Industrials,2010,Capital Goods,201030,Construction & Engineering,20103010,Construction & Engineering
NTAP,NetApp,20,Industrials,2010,Capital Goods,201030,Construction & Engineering,20103010,Construction & Engineering
NTRS,Northern Trust,20,Industrials,2010,Capital Goods,201030,Construction & Engineering,20103010,Construction & Engineering
NUE,Nucor,20,Industrials,2010,Capital Goods,201030,Construction & Engineering,20103010,Construction & Engineering
NVDA,Nvidia,20,Industrials,2010,Capital Goods,201030,Construction & Engineering,20103010,Construction & Engineering
NVR,"NVR, Inc.",20,Industrials,2010,Capital Goods,201030,Construction & Engineering,20103010,Construction & Engineering
NWS,News Corp (Class B),20,Industrials,2010,Capital Goods,201030,Construction & Engineering,20103010,Construction & Engineering
NWSA,News Corp (Class A),20,Industrials,2010,Capital Goods,201030,Construction & Engineering,20103010,Construction & Engineering
NXPI,NXP Semiconductors,20,Industrials,2010,Capital Goods,201030,Construction & Engineering,20103010,Construction & Engineering
O,Realty Income,20,Industrials,2010,Capital Goods,201030,Construction & Engineering,20103010,Construction & Engineering
ODFL,Old Dominion,20,Industrials,2010,Capital Goods,201030,Construction & Engineering,20103010,Construction & Engineering
OKE,ONEOK,20,Industrials,2010,Capital Goods,201030,Construction & Engineering,20103010,Construction & Engineering
OMC,Omnicom Group,20,Industrials,2010,Capital Goods,201030,Construction & Engineering,20103010,Construction & Engineering
ON,ON Semiconductor,20,Industrials,2010,Capital Goods,201030,Construction & Engineering,20103010,Construction & Engineering
ORCL,Oracle Corporation,20,Industrials,2010,Capital Goods,201030,Construction & Engineering,20103010,Construction & Engineering
ORLY,O'Reilly Auto Parts,20,Industrials,2010,Capital Goods,201030,Construction & Engineering,20103010,Construction & Engineering
OTIS,Otis Worldwide,20,Industrials,2010,Capital Goods,201030,Construction & Engineering,20103010,Construction & Engineering
OXY,Occidental Petroleum,20,Industrials,2010,Capital Goods,201030,Construction & Engineering,20103010,Construction & Engineering
PANW,Palo Alto Networks,20,Industrials,2010,Capital Goods,201030,Construction & Engineering,20103010,Construction & Engineering
PARA,Paramount Global,20,Industrials,2010,Capital Goods,201030,Construction & Engineering,20103010,Construction & Engineering
PAYC,Paycom,20,Industrials,2010,Capital Goods,201030,Construction & Engineering,20103010,Construction & Engineering
PAYX,Paychex,20,Industrials,2010,Capital Goods,201030,Construction & Engineering,20103010,Construction & Engineering
PCAR,Paccar,20,Industrials,2010,Capital Goods,201030,Construction & Engineering,20103010,Construction & Engineering
PCG,PG&E Corporation,20,Industrials,2010,Capital Goods,201030,Construction & Engineering,20103010,Construction & Engineering
PEG,Public Service Enterprise Group,20,Industrials,2010,Capital Goods,201030,Construction & Engineering,20103010,Construction & Engineering
PEP,PepsiCo,20,Industrials,2010,Capital Goods,201030,Construction & Engineering,20103010,Construction & Engineering
PFE,Pfizer,20,Industrials,2010,Capital Goods,201030,Construction & Engineering,20103010,Construction & Engineering
PFG,Principal Financial Group,20,Industrials,2010,Capital Goods,201030,Construction & Engineering,20103010,Construction & Engineering
PG,Procter & Gamble,20,Industrials,2010,Capital Goods,201030,Construction & Engineering,20103010,Construction & Engineering
PGR,Progressive Corporation,20,Industrials,2010,Capital Goods,201030,Construction & Engineering,20103010,Construction & Engineering
PH,Parker Hannifin,20,Industrials,2010,Capital Goods,201030,Construction & Engineering,20103010,Construction & Engineering
PHM,PulteGroup,20,Industrials,2010,Capital Goods,201030,Construction & Engineering,20103010,Construction & Engineering
PKG,Packaging Corporation of America,20,Industrials,2010,Capital Goods,201030,Construction & Engineering,20103010,Construction & Engineering
PLD,Prologis,20,Industrials,2010,Capital Goods,201030,Construction & Engineering,20103010,Construction & Engineering
PM,Philip Morris International,20,Industrials,2010,Capital Goods,201030,Construction & Engineering,20103010,Construction & Engineering
PNC,PNC Financial Services,20,Industrials,2010,Capital Goods,201030,Construction & Engineering,20103010,Construction & Engineering
PNR,Pentair,20,Industrials,2010,Capital Goods,201030,Construction & Engineering,20103010,Construction & Engineering
PNW,Pinnacle West,20,Industrials,2010,Capital Goods,201030,Construction & Engineering,20103010,Construction & Engineering
PODD,Insulet Corporation,20,Industrials,2010,Capital Goods,201030,Construction & Engineering,20103010,Construction & Engineering
POOL,Pool Corporation,20,Industrials,2010,Capital Goods,201030,Construction & Engineering,20103010,Construction & Engineering
PPG,PPG Industries,20,Industrials,2010,Capital Goods,201030,Construction & Engineering,20103010,Construction & Engineering
PPL,PPL Corporation,20,Industrials,2010,Capital Goods,201030,Construction & Engineering,20103010,Construction & Engineering
PRU,Prudential Financial,20,Industrials,2010,Capital Goods,201030,Construction & Engineering,20103010,Construction & Engineering
PSA,Public Storage,20,Industrials,2010,Capital Goods,201030,Construction & Engineering,20103010,Construction & Engineering
PSX,Phillips 66,20,Industrials,2010,Capital Goods,201030,Construction & Engineering,20103010,Construction & Engineering
PTC,PTC,20,Industrials,2010,Capital Goods,201030,Construction & Engineering,20103010,Construction & Engineering
PWR,Quanta Services,20,Industrials,2010,Capital Goods,201030,Construction & Engineering,20103010,Construction & Engineering
PYPL,PayPal,40,Financials,4020,Financial Services,402010,Financial Services,40201060,Transaction & Payment Processing Services
QCOM,Qualcomm,45,Information Technology,4530,Semiconductors & Semiconductor Equipment,453010,Semiconductors & Semiconductor Equipment,45301020,Semiconductors
QRVO,Qorvo,45,Information Technology,4530,Semiconductors & Semiconductor Equipment,453010,Semiconductors & Semiconductor Equipment,45301020,Semiconductors
RCL,Royal Caribbean Group,25,Consumer Discretionary,2530,Consumer Services,253010,"Hotels, Restaurants & Leisure",25301020,"Hotels, Resorts & Cruise Lines"
REG,Regency Centers,60,Real Estate,6010,Equity Real Estate Investment Trusts (REITs),601070,Retail REITs,60107010,Retail REITs
REGN,Regeneron,35,Health Care,3520,"Pharmaceuticals, Biotechnology & Life Sciences",352010,Biotechnology,35201010,Biotechnology
RF,Regions Financial Corporation,40,Financials,4010,Banks,401010,Banks,40101015,Regional Banks
RJF,Raymond James,40,Financials,4020,Financial Services,402030,Capital Markets,40203020,Investment Banking & Brokerage
RL,Ralph Lauren Corporation,25,Consumer Discretionary,2520,Consumer Durables & Apparel,252030,"Textiles, Apparel & Luxury Goods",25203010,"Apparel, Accessories & Luxury Goods"
RMD,ResMed,35,Health Care,3510,Health Care Equipment & Services,351010,Health Care Equipment & Supplies,35101010,Health Care Equipment
ROK,Rockwell Automation,20,Industrials,2010,Capital Goods,201040,Electrical Equipment,20104010,Electrical Components & Equipment
ROL,"Rollins, Inc.",20,Industrials,2020,Commercial & Professional Services,202010,Commercial Services & Supplies,20201050,Environmental & Facilities Services
ROP,Roper Technologies,45,Information Technology,4520,Technology Hardware & Equipment,452030,"Electronic Equipment, Instruments & Components",45203010,Electronic Equipment & Instruments
ROST,Ross Stores,25,Consumer Discretionary,2550,Consumer Discretionary Distribution & Retail,255040,Specialty Retail,25504010,Apparel Retail
RSG,Republic Services,20,Industrials,2020,Commercial & Professional Services,202010,Commercial Services & Supplies,20201050,Environmental & Facilities Services
RTX,RTX Corporation,20,Industrials,2010,Capital Goods,201010,Aerospace & Defense,20101010,Aerospace & Defense
RVTY,Revvity,35,Health Care,3510,Health Care Equipment & Services,351010,Health Care Equipment & Supplies,35101010,Health Care Equipment
SBAC,SBA Communications,60,Real Estate,6010,Equity Real Estate Investment Trusts (REITs),601080,Specialized REITs,60108030,Telecom Tower REITs
SBUX,Starbucks,25,Consumer Discretionary,2530,Consumer Services,253010,"Hotels, Restaurants & Leisure",25301040,Restaurants
SCHW,Charles Schwab Corporation,40,Financials,4020,Financial Services,402030,Capital Markets,40203020,Investment Banking & Brokerage
SHW,Sherwin-Williams,15,Materials,1510,Materials,151010,Chemicals,15101050,Specialty Chemicals
SJM,J.M. Smucker Company (The),30,Consumer Staples,3020,"Food, Beverage & Tobacco",302020,Food Products,30202030,Packaged Foods & Meats
SLB,Schlumberger,10,Energy,1010,Energy,101010,Energy Equipment & Services,10101020,Oil & Gas Equipment & Services
SMCI,Supermicro,45,Information Technology,4520,Technology Hardware & Equipment,452020,"Technology Hardware, Storage & Peripherals",45202030,"Technology Hardware, Storage & Peripherals"
SNA,Snap-on,20,Industrials,2010,Capital Goods,201060,Machinery,20106020,Industrial Machinery & Supplies & Components
SNPS,Synopsys,45,Information Technology,4510,Software & Services,451030,Software,45103010,Application Software
SO,Southern Company,55,Utilities,5510,Utilities,551010,Electric Utilities,55101010,Electric Utilities
SOLV,Solventum,35,Health Care,3510,Health Care Equipment & Services,351030,Health Care Technology,35103010,Health Care Technology
SPG,Simon Property Group,60,Real Estate,6010,Equity Real Estate Investment Trusts (REITs),601070,Retail REITs,60107010,Retail REITs
SPGI,S&P Global,40,Financials,4020,Financial Services,402030,Capital Markets,40203040,Financial Exchanges & Data
SRE,Sempra,55,Utilities,5510,Utilities,551030,Multi-Utilities,55103010,Multi-Utilities
STE,Steris,35,Health Care,3510,Health Care Equipment & Services,351010,Health Care Equipment & Supplies,35101010,Health Care Equipment
STLD,Steel Dynamics,15,Materials,1510,Materials,151040,Metals & Mining,15104050,Steel
STT,State Street Corporation,40,Financials,4020,Financial Services,402030,Capital Markets,40203010,Asset Management & Custody Banks
STX,Seagate Technology,45,Information Technology,4520,Technology Hardware & Equipment,452020,"Technology Hardware, Storage & Peripherals",45202030,"Technology Hardware, Storage & Peripherals"
STZ,Constellation Brands,30,Consumer Staples,3020,"Food, Beverage & Tobacco",302010,Beverages,30201020,Distillers & Vintners
SW,Smurfit WestRock,15,Materials,1510,Materials,151030,Containers & Packaging,15103020,Paper & Plastic Packaging Products & Materials
SWK,Stanley Black & Decker,20,Industrials,2010,Capital Goods,201060,Machinery,20106020,Industrial Machinery & Supplies & Components
SWKS,Skyworks Solutions,45,Information Technology,4530,Semiconductors & Semiconductor Equipment,453010,Semiconductors & Semiconductor Equipment,45301020,Semiconductors
SYF,Synchrony Financial,40,Financials,4020,Financial Services,402020,Consumer Finance,40202010,Consumer Finance
SYK,Stryker Corporation,35,Health Care,3510,Health Care Equipment & Services,351010,Health Care Equipment & Supplies,35101010,Health Care Equipment
SYY,Sysco,30,Consumer Staples,3010,Consumer Staples Distribution & Retail,301010,Consumer Staples Distribution & Retail,30101020,Food Distributors
T,AT&T,50,Communication Services,5010,Telecommunication Services,501010,Diversified Telecommunication Services,50101020,Integrated Telecommunication Services
TAP,Molson Coors Beverage Company,30,Consumer Staples,3020,"Food, Beverage & Tobacco",302010,Beverages,30201010,Brewers
TDG,TransDigm Group,20,Industrials,2010,Capital Goods,201010,Aerospace & Defense,20101010,Aerospace & Defense
TDY,Teledyne Technologies,45,Information Technology,4520,Technology Hardware & Equipment,452030,"Electronic Equipment, Instruments & Components",45203010,Electronic Equipment & Instruments
TECH,Bio-Techne,35,Health Care,3520,"Pharmaceuticals, Biotechnology & Life Sciences",352030,Life Sciences Tools & Services,35203010,Life Sciences Tools & Services
TEL,TE Connectivity,45,Information Technology,4520,Technology Hardware & Equipment,452030,"Electronic Equipment, Instruments & Components",45203020,Electronic Manufacturing Services
TER,Teradyne,45,Information Technology,4530,Semiconductors & Semiconductor Equipment,453010,Semiconductors & Semiconductor Equipment,45301010,Semiconductor Materials & Equipment
TFC,Truist,40,Financials,4010,Banks,401010,Banks,40101015,Regional Banks
TFX,Teleflex,35,Health Care,3510,Health Care Equipment & Services,351010,Health Care Equipment & Supplies,35101010,Health Care Equipment
TGT,Target Corporation,30,Consumer Staples,3010,Consumer Staples Distribution & Retail,301010,Consumer Staples Distribution & Retail,30101040,Consumer Staples Merchandise Retail
TJX,TJX Companies,25,Consumer Discretionary,2550,Consumer Discretionary Distribution & Retail,255040,Specialty Retail,25504010,Apparel Retail
TMO,Thermo Fisher Scientific,35,Health Care,3520,"Pharmaceuticals, Biotechnology & Life Sciences",352030,Life Sciences Tools & Services,35203010,Life Sciences Tools & Services
TMUS,T-Mobile US,50,Communication Services,5010,Telecommunication Services,501020,Wireless Telecommunication Services,50102010,Wireless Telecommunication Services
TPR,"Tapestry, Inc.",25,Consumer Discretionary,2520,Consumer Durables & Apparel,252030,"Textiles, Apparel & Luxury Goods",25203010,"Apparel, Accessories & Luxury Goods"
TRGP,Targa Resources,10,Energy,1010,Energy,101020,"Oil, Gas & Consumable Fuels",10102040,Oil & Gas Storage & Transportation
TRMB,Trimble Inc.,45,Information Technology,4520,Technology Hardware & Equipment,452030,"Electronic Equipment, Instruments & Components",45203010,Electronic Equipment & Instruments
TROW,T. Rowe Price,40,Financials,4020,Financial Services,402030,Capital Markets,40203010,Asset Management & Custody Banks
TRV,Travelers Companies (The),40,Financials,4030,Insurance,403010,Insurance,40301040,Property & Casualty Insurance
TSCO,Tractor Supply,25,Consumer Discretionary,2550,Consumer Discretionary Distribution & Retail,255040,Specialty Retail,25504040,Other Specialty Retail
TSLA,"Tesla, Inc.",25,Consumer Discretionary,2510,Automobiles & Components,251020,Automobiles,25102010,Automobile Manufacturers
TSN,Tyson Foods,30,Consumer Staples,3020,"Food, Beverage & Tobacco",302020,Food Products,30202030,Packaged Foods & Meats
TT,Trane Technologies,20,Industrials,2010,Capital Goods,201020,Building Products,20102010,Building Products
TTWO,Take-Two Interactive,50,Communication Services,5020,Media & Entertainment,502020,Entertainment,50202020,Interactive Home Entertainment
TXN,Texas Instruments,45,Information Technology,4530,Semiconductors & Semiconductor Equipment,453010,Semiconductors & Semiconductor Equipment,45301020,Semiconductors
TXT,Textron,20,Industrials,2010,Capital Goods,201010,Aerospace & Defense,20101010,Aerospace & Defense
TYL,Tyler Technologies,45,Information Technology,4510,Software & Services,451030,Software,45103010,Application Software
UAL,United Airlines Holdings,20,Industrials,2030,Transportation,203020,Passenger Airlines,20302010,Passenger Airlines
UBER,Uber,20,Industrials,2030,Transportation,203040,Ground Transportation,20304040,Passenger Ground Transportation
UDR,"UDR, Inc.",60,Real Estate,6010,Equity Real Estate Investment Trusts (REITs),601060,Residential REITs,60106010,Multi-Family Residential REITs
UHS,Universal Health Services,35,Health Care,3510,Health Care Equipment & Services,351020,Health Care Providers & Services,35102020,Health Care Facilities
ULTA,Ulta Beauty,25,Consumer Discretionary,2550,Consumer Discretionary Distribution & Retail,255040,Specialty Retail,25504040,Other Specialty Retail
UNH,UnitedHealth Group,35,Health Care,3510,Health Care Equipment & Services,351020,Health Care Providers & Services,35102030,Managed Health Care
UNP,Union Pacific Corporation,20,Industrials,2030,Transportation,203040,Ground Transportation,20304010,Rail Transportation
UPS,United Parcel Service,20,Industrials,2030,Transportation,203010,Air Freight & Logistics,20301010,Air Freight & Logistics
URI,United Rentals,20,Industrials,2010,Capital Goods,201070,Trading Companies & Distributors,20107010,Trading Companies & Distributors
USB,U.S. Bank,40,Financials,4010,Banks,401010,Banks,40101010,Diversified Banks
V,Visa Inc.,40,Financials,4020,Financial Services,402010,Financial Services,40201060,Transaction & Payment Processing Services
VICI,Vici Properties,60,Real Estate,6010,Equity Real Estate Investment Trusts (REITs),601030,Hotel & Resort REITs,60103010,Hotel & Resort REITs
VLO,Valero Energy,10,Energy,1010,Energy,101020,"Oil, Gas & Consumable Fuels",10102030,Oil & Gas Refining & Marketing
VLTO,Veralto,20,Industrials,2020,Commercial & Professional Services,202010,Commercial Services & Supplies,20201050,Environmental & Facilities Services
VMC,Vulcan Materials Company,15,Materials,1510,Materials,151020,Construction Materials,15102010,Construction Materials
VRSK,Verisk,20,Industrials,2020,Commercial & Professional Services,202020,Professional Services,20202020,Research & Consulting Services
VRSN,Verisign,45,Information Technology,4510,Software & Services,451020,IT Services,45102030,Internet Services & Infrastructure
VRTX,Vertex Pharmaceuticals,35,Health Care,3520,"Pharmaceuticals, Biotechnology & Life Sciences",352010,Biotechnology,35201010,Biotechnology
VST,Vistra,55,Utilities,5510,Utilities,551010,Electric Utilities,55101010,Electric Utilities
VTR,Ventas,60,Real Estate,6010,Equity Real Estate Investment Trusts (REITs),601050,Health Care REITs,60105010,Health Care REITs
VTRS,Viatris,35,Health Care,3520,"Pharmaceuticals, Biotechnology & Life Sciences",352020,Pharmaceuticals,35202010,Pharmaceuticals
VZ,Verizon,50,Communication Services,5010,Telecommunication Services,501010,Diversified Telecommunication Services,50101020,Integrated Telecommunication Services
WAB,Wabtec,20,Industrials,2010,Capital Goods,201060,Machinery,20106010,Construction Machinery & Heavy Transportation Equipment
WAT,Waters Corporation,35,Health Care,3520,"Pharmaceuticals, Biotechnology & Life Sciences",352030,Life Sciences Tools & Services,35203010,Life Sciences Tools & Services
WBA,Walgreens Boots Alliance,30,Consumer Staples,3010,Consumer Staples Distribution & Retail,301010,Consumer Staples Distribution & Retail,30101010,Drug Retail
WBD,Warner Bros. Discovery,50,Communication Services,5020,Media & Entertainment,502010,Media,50201020,Broadcasting
WDC,Western Digital,45,Information Technology,4520,Technology Hardware & Equipment,452020,"Technology Hardware, Storage & Peripherals",45202030,"Technology Hardware, Storage & Peripherals"
WEC,WEC Energy Group,55,Utilities,5510,Utilities,551010,Electric Utilities,55101010,Electric Utilities
WELL,Welltower,60,Real Estate,6010,Equity Real Estate Investment Trusts (REITs),601050,Health Care REITs,60105010,Health Care REITs
WFC,Wells Fargo,40,Financials,4010,Banks,401010,Banks,40101010,Diversified Banks
WM,Waste Management,20,Industrials,2020,Commercial & Professional Services,202010,Commercial Services & Supplies,20201050,Environmental & Facilities Services
WMB,Williams Companies,10,Energy,1010,Energy,101020,"Oil, Gas & Consumable Fuels",10102040,Oil & Gas Storage & Transportation
WMT,Walmart,30,Consumer Staples,3010,Consumer Staples Distribution & Retail,301010,Consumer Staples Distribution & Retail,30101040,Consumer Staples Merchandise Retail
WRB,W. R. Berkley Corporation,40,Financials,4030,Insurance,403010,Insurance,40301040,Property & Casualty Insurance
WST,West Pharmaceutical Services,35,Health Care,3510,Health Care Equipment & Services,351010,Health Care Equipment & Supplies,35101020,Health Care Supplies
WTW,Willis Towers Watson,40,Financials,4030,Insurance,403010,Insurance,40301010,Insurance Brokers
WY,Weyerhaeuser,60,Real Estate,6010,Equity Real Estate Investment Trusts (REITs),601080,Specialized REITs,60108040,Timber REITs
WYNN,Wynn Resorts,25,Consumer Discretionary,2530,Consumer Services,253010,"Hotels, Restaurants & Leisure",25301010,Casinos & Gaming
XEL,Xcel Energy,55,Utilities,5510,Utilities,551030,Multi-Utilities,55103010,Multi-Utilities
XOM,ExxonMobil,10,Energy,1010,Energy,101020,"Oil, Gas & Consumable Fuels",10102010,Integrated Oil & Gas
XYL,Xylem Inc.,20,Industrials,2010,Capital Goods,201060,Machinery,20106020,Industrial Machinery & Supplies & Components
YUM,Yum! Brands,25,Consumer Discretionary,2530,Consumer Services,253010,"Hotels, Restaurants & Leisure",25301040,Restaurants
ZBH,Zimmer Biomet,35,Health Care,3510,Health Care Equipment & Services,351010,Health Care Equipment & Supplies,35101010,Health Care Equipment
ZBRA,Zebra Technologies,45,Information Technology,4520,Technology Hardware & Equipment,452030,"Electronic Equipment, Instruments & Components",45203010,Electronic Equipment & Instruments
ZTS,Zoetis,35,Health Care,3520,"Pharmaceuticals, Biotechnology & Life Sciences",352020,Pharmaceuticals,35202010,Pharmaceuticals
